Date,Open,High,Low,Close,Volume
2024-08-02,18494.24,18628.78,18263.5,18440.85,1877289850.0
2024-08-01,19375.96,19538.97,18737.09,18890.39,1620217796.0
2024-07-31,19222.85,19426.62,19162.91,19362.43,1512789706.0
2024-07-30,19129.56,19165.42,18667.22,18796.27,1375756772.0
2024-07-29,19122.43,19224.59,18974.52,19059.49,977662477.0
2024-07-26,18990.2,19142.68,18899.31,19023.66,1120449089.0
2024-07-25,19041.15,19227.2,18721.71,18830.58,1464662616.0
2024-07-24,19475.66,19482.55,19005.47,19032.39,1375783919.0
2024-07-23,19783.33,19904.6,19736.23,19754.34,937304984.0
2024-07-22,19751.02,19861.72,19638.37,19822.87,1079397402.0
2024-07-19,19687.8,19784.48,19479.38,19522.62,1132474776.0
2024-07-18,19936.24,19947.98,19575.79,19705.09,1280801630.0
2024-07-17,20041.31,20080.27,19793.75,19799.14,1493428080.0
2024-07-16,20441.53,20477.0,20266.51,20398.63,1008857847.0
2024-07-15,20401.02,20585.17,20304.54,20386.88,1079435998.0
2024-07-12,20226.23,20526.08,20217.99,20331.49,1211985218.0
2024-07-11,20661.41,20672.1,20165.0,20211.36,1408775697.0
2024-07-10,20533.27,20690.97,20479.94,20675.38,1087586863.0
2024-07-09,20504.18,20543.9,20395.57,20453.02,1128997698.0
2024-07-08,20393.89,20455.38,20363.37,20439.54,1132709018.0
2024-07-05,20224.13,20407.0,20201.5,20391.97,1095191511.0
2024-07-03,19995.28,20186.63,19995.28,20186.63,849861624.0
2024-07-02,19746.23,20014.92,19741.81,20011.89,1073131924.0
2024-07-01,19720.11,19827.75,19577.54,19812.22,1076337486.0
2024-06-28,19817.0,20017.71,19665.85,19682.87,1525867137.0
2024-06-27,19740.52,19850.81,19701.34,19789.03,1137608745.0
2024-06-26,19671.07,19763.55,19654.18,19751.05,1187919856.0
2024-06-25,19555.84,19712.42,19523.51,19701.13,1165500472.0
2024-06-24,19648.23,19723.2,19472.53,19474.62,1279854945.0
2024-06-21,19722.37,19801.97,19643.52,19700.43,2570419210.0
2024-06-20,19962.97,19979.93,19685.03,19752.3,1410138177.0
2024-06-18,19904.43,19940.5,19837.86,19908.86,1089950381.0
2024-06-17,19681.86,19977.84,19623.71,19902.75,1120685785.0
2024-06-14,19557.22,19664.59,19534.63,19659.8,1010588064.0
2024-06-13,19609.05,19639.45,19473.71,19576.92,1090861165.0
2024-06-12,19358.26,19556.89,19347.28,19465.18,1244032775.0
2024-06-11,19031.4,19212.63,18966.56,19210.19,966866914.0
2024-06-10,18945.31,19089.83,18940.71,19074.67,1049180016.0
2024-06-07,18992.58,19113.88,18958.68,19000.95,676783916.0
2024-06-06,19053.01,19071.79,18978.86,19021.19,779882293.0
2024-06-05,18791.28,19035.87,18768.25,19035.05,855366221.0
2024-06-04,18598.0,18697.95,18521.85,18654.84,741575853.0
2024-06-03,18666.72,18707.22,18392.57,18600.97,789898056.0
2024-05-31,18550.8,18574.57,18189.78,18536.65,1319619700.0
2024-05-30,18683.25,18705.26,18487.76,18538.66,795562265.0
2024-05-29,18708.07,18814.82,18706.63,18736.75,761327496.0
2024-05-28,18855.15,18875.2,18755.95,18869.44,805850311.0
2024-05-24,18669.36,18851.99,18664.79,18808.35,707571636.0
2024-05-23,18907.14,18907.54,18554.89,18623.39,898888954.0
2024-05-22,18733.55,18756.69,18606.16,18705.2,810685659.0
2024-05-21,18603.99,18721.18,18589.91,18713.8,794089415.0
2024-05-20,18559.22,18703.83,18549.84,18674.19,657506610.0
2024-05-17,18571.82,18590.37,18462.25,18546.23,729240876.0
2024-05-16,18589.98,18669.5,18553.3,18557.96,795835633.0
2024-05-15,18412.81,18607.53,18359.32,18596.65,838316186.0
2024-05-14,18187.51,18339.58,18175.3,18322.77,770288671.0
2024-05-13,18228.4,18233.5,18147.57,18198.61,731327551.0
2024-05-10,18171.14,18247.61,18099.73,18161.18,653140542.0
2024-05-09,18095.8,18138.02,18012.62,18113.46,659513521.0
2024-05-08,17987.71,18135.34,17987.71,18085.01,703176858.0
2024-05-07,18106.33,18156.32,18061.61,18091.45,809730232.0
2024-05-06,17950.98,18094.46,17937.28,18093.57,806876481.0
2024-05-03,17848.66,17926.98,17784.78,17890.79,924548599.0
2024-05-02,17474.92,17575.8,17290.64,17541.54,915652037.0
2024-05-01,17382.78,17667.86,17284.37,17318.55,1043857442.0
2024-04-30,17720.35,17768.87,17440.69,17440.69,1031266164.0
2024-04-29,17801.14,17820.0,17671.03,17782.72,988429784.0
2024-04-26,17566.22,17772.78,17533.08,17718.3,1014812048.0
2024-04-25,17205.28,17474.46,17172.42,17430.5,1027328075.0
2024-04-24,17613.66,17653.66,17435.33,17526.8,925847430.0
2024-04-23,17297.24,17513.31,17277.25,17471.47,803926539.0
2024-04-22,17161.11,17305.15,17010.25,17210.89,812015389.0
2024-04-19,17334.71,17362.28,16973.94,17037.65,1013731763.0
2024-04-18,17514.77,17590.81,17376.5,17394.31,765492797.0
2024-04-17,17785.82,17788.54,17459.57,17493.62,754805302.0
2024-04-16,17691.45,17817.73,17660.89,17713.66,727223569.0
2024-04-15,18143.25,18152.08,17676.35,17706.83,854032868.0
2024-04-12,18117.67,18166.5,17952.09,18003.49,878305611.0
2024-04-11,18085.11,18337.15,17998.25,18307.98,810484959.0
2024-04-10,17957.96,18040.83,17932.42,18011.65,784517905.0
2024-04-09,18188.87,18210.02,17973.07,18169.9,796987343.0
2024-04-08,18130.44,18178.66,18050.69,18100.19,719709461.0
2024-04-05,17940.28,18202.96,17912.86,18108.46,828251487.0
2024-04-04,18331.02,18362.29,17875.75,17878.78,947992306.0
2024-04-03,18054.45,18238.66,18045.42,18160.19,778468534.0
2024-04-02,18076.43,18135.57,18002.27,18121.78,798466536.0
2024-04-01,18280.82,18391.58,18211.28,18293.2,766796580.0
2024-03-28,18263.41,18308.32,18231.38,18254.69,819776748.0
2024-03-27,18338.19,18344.09,18168.21,18280.84,813995903.0
2024-03-26,18329.29,18378.7,18207.88,18210.54,841809927.0
2024-03-25,18215.54,18337.35,18189.28,18277.06,868922077.0
2024-03-22,18293.15,18386.25,18267.49,18339.44,774622111.0
2024-03-21,18438.24,18464.7,18317.1,18320.38,953056806.0
2024-03-20,18067.7,18249.12,18003.24,18240.11,897746264.0
2024-03-19,17902.52,18039.82,17809.15,18032.21,826176475.0
2024-03-18,18024.24,18124.32,17973.09,17985.01,930824557.0
2024-03-15,17926.92,17930.47,17764.99,17808.25,1508812003.0
2024-03-14,18114.69,18142.9,17913.63,18014.81,1033044702.0
2024-03-13,18151.76,18163.74,18030.4,18068.47,911371486.0
2024-03-12,18063.02,18228.37,17919.33,18219.12,860848607.0
2024-03-11,17959.68,18003.05,17873.33,17951.69,861632643.0
2024-03-08,18312.79,18416.73,17995.38,18018.45,1089214660.0
2024-03-07,18161.73,18337.95,18101.43,18297.99,967039082.0
2024-03-06,18083.51,18142.88,17941.64,18017.57,1015828455.0
2024-03-05,18088.71,18097.5,17804.5,17897.87,1006383003.0
2024-03-04,18290.1,18313.43,18218.25,18226.48,1078450724.0
2024-03-01,18069.29,18333.26,18064.44,18302.91,969796333.0
2024-02-29,17991.67,18068.52,17866.26,18043.85,1245241883.0
2024-02-28,17895.03,17931.01,17840.36,17874.5,757338812.0
2024-02-27,17962.58,17987.54,17871.06,17971.05,772241127.0
2024-02-26,17970.21,18014.11,17926.66,17933.33,864301327.0
2024-02-23,18052.59,18091.63,17902.78,17937.61,861567618.0
2024-02-22,17857.76,18034.8,17808.26,18004.7,1070281801.0
2024-02-21,17412.79,17482.13,17319.44,17478.91,881459759.0
2024-02-20,17591.17,17657.08,17399.41,17546.1,915139824.0
2024-02-16,17853.59,17864.16,17663.4,17685.98,871325764.0
2024-02-15,17815.32,17864.59,17722.31,17845.72,893525703.0
2024-02-14,17728.9,17815.18,17619.92,17807.63,810714893.0
2024-02-13,17519.8,17717.67,17478.23,17600.42,936210688.0
2024-02-12,17942.28,18041.45,17859.66,17882.66,849990180.0
2024-02-09,17820.98,17987.9,17798.81,17962.4,875702181.0
2024-02-08,17757.6,17814.12,17728.55,17783.17,845042523.0
2024-02-07,17674.59,17784.17,17637.73,17755.07,892839776.0
2024-02-06,17664.44,17680.62,17475.43,17572.73,899591114.0
2024-02-05,17634.69,17655.77,17469.62,17613.04,962442803.0
2024-02-02,17415.94,17682.29,17378.38,17642.73,1175329736.0
2024-02-01,17217.0,17356.76,17175.83,17344.71,973692310.0
2024-01-31,17269.98,17375.32,17128.74,17137.24,1209840260.0
2024-01-30,17556.49,17578.46,17443.77,17476.71,1014136896.0
2024-01-29,17438.03,17603.95,17414.62,17596.27,994272195.0
2024-01-26,17432.88,17514.76,17395.54,17421.01,952421491.0
2024-01-25,17589.27,17631.34,17430.38,17516.99,1142705605.0
2024-01-24,17562.32,17665.26,17481.97,17499.3,1051712600.0
2024-01-23,17346.95,17410.86,17286.02,17404.21,856287046.0
2024-01-22,17403.62,17450.3,17309.87,17330.38,1019856740.0
2024-01-19,17060.14,17317.21,17041.85,17314.0,1132719193.0
2024-01-18,16894.33,16996.98,16818.13,16982.29,1019915889.0
2024-01-17,16705.51,16749.11,16561.49,16736.28,884196377.0
2024-01-16,16775.1,16895.33,16726.59,16830.71,951040975.0
2024-01-12,16855.0,16900.37,16776.92,16832.92,763611377.0
2024-01-11,16852.19,16898.16,16618.86,16820.9,846480601.0
2024-01-10,16702.55,16827.37,16654.74,16793.04,766470111.0
2024-01-09,16531.96,16710.88,16513.73,16678.71,829263919.0
2024-01-08,16354.22,16655.23,16349.39,16649.88,858197585.0
2024-01-05,16281.75,16415.39,16249.19,16305.98,787350434.0
2024-01-04,16290.78,16419.44,16276.43,16282.01,875260710.0
2024-01-03,16413.26,16471.08,16352.14,16368.49,868725166.0
2024-01-02,16667.3,16686.61,16453.15,16543.94,908638234.0
2023-12-29,16902.45,16919.51,16757.89,16825.93,673420901.0
2023-12-28,16963.52,16969.17,16891.32,16898.47,585755591.0
2023-12-27,16896.14,16922.02,16859.55,16906.8,641192989.0
2023-12-26,16816.79,16907.51,16813.57,16878.46,566086008.0
2023-12-22,16799.02,16839.25,16703.57,16777.4,639510759.0
2023-12-21,16719.61,16768.02,16621.52,16757.41,757926147.0
2023-12-20,16763.64,16860.68,16552.07,16554.16,924098014.0
2023-12-19,16734.25,16813.01,16733.38,16811.85,809025727.0
2023-12-18,16631.11,16764.32,16629.29,16729.8,871984623.0
2023-12-15,16587.0,16669.77,16557.01,16623.45,1963586634.0
2023-12-14,16603.54,16660.71,16419.26,16537.83,1294581500.0
2023-12-13,16392.18,16581.04,16357.21,16562.37,1027485901.0
2023-12-12,16209.61,16354.25,16175.46,16354.25,910039236.0
2023-12-11,16069.62,16232.25,16061.87,16221.73,999912919.0
2023-12-08,15952.85,16100.86,15937.58,16084.69,865754738.0
2023-12-07,15888.23,16042.51,15875.48,16022.49,943661880.0
2023-12-06,15990.2,15990.94,15776.95,15788.05,813941164.0
2023-12-05,15763.65,15931.84,15760.59,15877.71,823578982.0
2023-12-04,15837.12,15852.45,15695.58,15839.67,854931525.0
2023-12-01,15892.59,16013.75,15834.93,15997.58,851866817.0
2023-11-30,15987.66,16013.48,15825.67,15947.87,1106900469.0
2023-11-29,16111.36,16166.51,15976.69,15987.6,851906137.0
2023-11-28,15940.29,16031.52,15921.07,16010.43,834632376.0
2023-11-27,15969.72,16045.3,15932.19,15961.98,758314263.0
2023-11-24,15974.85,16007.43,15940.63,15982.01,375094523.0
2023-11-22,16025.74,16119.31,15964.04,16001.39,760368066.0
2023-11-21,15951.55,15968.09,15866.82,15933.62,813744390.0
2023-11-20,15845.2,16056.76,15844.83,16027.06,850017393.0
2023-11-17,15803.98,15876.87,15766.95,15837.99,886499791.0
2023-11-16,15765.2,15842.63,15738.22,15833.17,995758572.0
2023-11-15,15881.72,15904.63,15765.3,15817.18,957741489.0
2023-11-14,15744.36,15850.34,15726.13,15812.47,953553384.0
2023-11-13,15469.21,15524.66,15404.71,15482.79,738536495.0
2023-11-10,15252.36,15535.2,15237.18,15529.12,888091779.0
2023-11-09,15351.12,15382.11,15171.32,15187.9,885074862.0
2023-11-08,15313.9,15343.19,15220.89,15313.24,804508614.0
2023-11-07,15201.77,15335.44,15153.31,15296.02,832682943.0
2023-11-06,15137.17,15180.19,15064.91,15154.93,781906215.0
2023-11-03,14985.12,15149.78,14965.29,15099.49,956874934.0
2023-11-02,14856.95,14930.77,14792.81,14919.55,1025876091.0
2023-11-01,14453.68,14677.86,14441.89,14664.91,1039708956.0
2023-10-31,14340.86,14420.44,14232.4,14409.78,848357601.0
2023-10-30,14283.98,14388.2,14225.86,14335.51,844332346.0
2023-10-27,14245.75,14321.04,14130.37,14180.42,991915604.0
2023-10-26,14314.02,14372.51,14058.33,14109.57,1090850528.0
2023-10-25,14642.08,14643.7,14362.24,14381.64,1026429310.0
2023-10-24,14678.41,14774.16,14610.33,14745.85,843894874.0
2023-10-23,14514.11,14746.37,14419.06,14604.85,859749997.0
2023-10-20,14752.59,14781.22,14552.12,14560.88,941187476.0
2023-10-19,14981.13,15023.91,14749.3,14783.13,960812661.0
2023-10-18,15022.29,15103.87,14865.81,14909.26,838856253.0
2023-10-17,15009.26,15187.06,14932.77,15122.01,860270674.0
2023-10-16,15054.48,15209.5,15047.27,15172.73,759098232.0
2023-10-13,15225.73,15232.37,14943.42,14995.12,805884605.0
2023-10-12,15264.11,15333.98,15090.7,15184.1,898937824.0
2023-10-11,15194.53,15248.22,15119.62,15241.12,760451377.0
2023-10-10,15074.04,15241.94,15050.54,15131.52,788125198.0
2023-10-09,14871.57,15070.64,14816.32,15047.15,677723100.0
2023-10-06,14622.23,15021.38,14575.95,14973.24,904652239.0
2023-10-05,14769.55,14784.69,14584.39,14723.22,777131950.0
2023-10-04,14613.23,14803.04,14592.55,14776.25,788627410.0
2023-10-03,14744.05,14819.87,14504.14,14565.62,799370322.0
2023-10-02,14717.9,14892.18,14701.52,14837.57,765756091.0
2023-09-29,14853.35,14901.85,14664.78,14715.24,865699951.0
2023-09-28,14530.96,14787.59,14510.17,14702.77,884836574.0
2023-09-27,14600.14,14657.21,14432.6,14580.16,910314335.0
2023-09-26,14668.45,14678.48,14505.68,14545.83,863264577.0
2023-09-25,14662.69,14771.12,14615.45,14768.9,675851364.0
2023-09-22,14756.63,14855.92,14686.84,14701.1,832970281.0
2023-09-21,14813.48,14849.25,14691.69,14694.24,977525563.0
2023-09-20,15225.34,15245.19,14967.6,14969.92,787506477.0
2023-09-19,15152.53,15219.92,15069.42,15191.23,751441069.0
2023-09-18,15161.17,15268.96,15155.46,15225.37,752920388.0
2023-09-15,15425.95,15435.45,15173.71,15202.4,1540574558.0
2023-09-14,15433.01,15512.82,15337.18,15473.89,805541545.0
2023-09-13,15293.27,15414.61,15256.6,15348.53,786327062.0
2023-09-12,15390.59,15447.85,15278.88,15289.74,810763863.0
2023-09-11,15409.77,15482.84,15328.35,15461.87,890177209.0
2023-09-08,15265.57,15374.22,15244.06,15280.23,817994165.0
2023-09-07,15174.22,15288.2,15138.73,15258.52,938771948.0
2023-09-06,15467.32,15487.0,15289.48,15371.44,812824596.0
2023-09-05,15460.52,15556.85,15419.96,15508.24,821465939.0
2023-09-01,15600.95,15618.86,15429.36,15490.86,781703937.0
2023-08-31,15475.43,15575.02,15466.41,15501.07,956594128.0
2023-08-30,15386.67,15484.83,15341.94,15462.43,793977609.0
2023-08-29,15043.02,15391.56,15034.54,15376.55,851692874.0
2023-08-28,15035.48,15086.23,14948.92,15052.46,692158158.0
2023-08-25,14858.93,15001.29,14715.36,14941.83,847687630.0
2023-08-24,15278.93,15279.24,14814.83,14816.44,972615024.0
2023-08-23,14947.58,15188.86,14947.58,15148.06,831321199.0
2023-08-22,15035.07,15037.79,14883.98,14908.96,766779686.0
2023-08-21,14762.01,14958.87,14739.37,14936.69,838153125.0
2023-08-18,14589.71,14744.57,14557.83,14694.84,902178164.0
2023-08-17,14943.34,14949.58,14698.29,14715.81,871675928.0
2023-08-16,15021.63,15077.05,14874.02,14876.47,770887955.0
2023-08-15,15172.08,15192.88,15014.37,15037.65,728879042.0
2023-08-14,14988.42,15206.26,14972.01,15205.59,780185472.0
2023-08-11,15010.52,15102.53,14973.67,15028.07,717905356.0
2023-08-10,15217.29,15366.29,15072.49,15128.84,792376288.0
2023-08-09,15286.99,15288.76,15077.91,15101.71,813938403.0
2023-08-08,15279.41,15295.8,15148.25,15273.05,883112628.0
2023-08-07,15355.62,15410.86,15258.92,15407.85,861602521.0
2023-08-04,15420.74,15523.31,15258.69,15274.92,1062879241.0
2023-08-03,15287.77,15436.59,15270.72,15353.54,898296682.0
2023-08-02,15561.15,15561.36,15321.44,15370.74,1042535616.0
2023-08-01,15696.98,15748.43,15636.57,15718.01,760916504.0
2023-07-31,15774.3,15803.55,15702.74,15757.0,818825232.0
2023-07-28,15630.18,15788.48,15617.75,15750.93,983032627.0
2023-07-27,15734.03,15795.51,15416.05,15464.93,1035976509.0
2023-07-26,15514.04,15571.16,15411.91,15499.26,935227929.0
2023-07-25,15483.06,15622.69,15482.04,15561.42,824650554.0
2023-07-24,15475.15,15504.67,15374.66,15448.02,839106187.0
2023-07-21,15554.96,15600.54,15410.57,15425.67,1923002478.0
2023-07-20,15717.67,15771.84,15429.87,15466.09,1158176259.0
2023-07-19,15888.16,15932.05,15781.96,15826.35,1025150801.0
2023-07-18,15671.72,15895.68,15607.71,15841.35,919413576.0
2023-07-17,15608.29,15745.67,15576.51,15713.28,891088021.0
2023-07-14,15610.0,15720.05,15531.0,15565.6,974246002.0
2023-07-13,15432.48,15602.74,15420.71,15571.98,903950243.0
2023-07-12,15279.35,15364.09,15209.71,15307.23,1020984027.0
2023-07-11,15068.13,15135.29,14974.16,15119.06,867277031.0
2023-07-10,15031.95,15066.44,14924.64,15045.64,947488189.0
2023-07-07,15070.5,15210.63,15032.56,15036.85,800874712.0
2023-07-06,15054.11,15106.45,14969.14,15089.45,827058539.0
2023-07-05,15165.36,15275.18,15162.66,15203.78,808803835.0
2023-07-03,15190.54,15232.96,15153.6,15208.69,556524636.0
2023-06-30,15085.24,15213.75,15081.57,15179.21,944110625.0
2023-06-29,14965.55,14986.89,14876.94,14939.95,857301484.0
2023-06-28,14876.25,15051.08,14865.81,14964.57,936825983.0
2023-06-27,14751.57,14972.32,14726.75,14945.91,1001418024.0
2023-06-26,14866.66,14982.82,14687.02,14689.02,981512959.0
2023-06-23,14879.23,14983.73,14821.81,14891.48,1164174539.0
2023-06-22,14797.89,15044.22,14794.95,15042.32,908578516.0
2023-06-21,15019.01,15038.9,14826.02,14867.45,1034197043.0
2023-06-20,15036.48,15127.42,14946.73,15070.15,960737893.0
2023-06-16,15272.65,15284.65,15073.45,15083.92,1591972049.0
2023-06-15,14949.7,15246.62,14930.12,15185.48,1071567812.0
2023-06-14,14894.1,15017.11,14784.62,15005.69,1060947381.0
2023-06-13,14911.26,14931.82,14770.14,14900.85,1041819210.0
2023-06-12,14617.35,14789.61,14571.36,14784.3,957460371.0
2023-06-09,14574.24,14672.85,14487.48,14528.36,957942241.0
2023-06-08,14319.23,14503.31,14314.7,14484.54,920050047.0
2023-06-07,14573.27,14647.91,14283.88,14303.29,1138954251.0
2023-06-06,14526.1,14593.5,14476.99,14558.09,931187304.0
2023-06-05,14550.13,14662.95,14516.88,14556.5,980690101.0
2023-06-02,14517.08,14595.81,14442.15,14546.64,1029384187.0
2023-06-01,14269.09,14493.31,14219.94,14441.51,1206462199.0
2023-05-31,14293.56,14375.38,14216.16,14254.09,1569926220.0
2023-05-30,14465.59,14520.17,14301.08,14354.99,1127219201.0
2023-05-26,13990.55,14329.49,13982.16,14298.41,1262912106.0
2023-05-25,13920.89,13986.87,13812.18,13938.53,1225504462.0
2023-05-24,13589.02,13655.73,13520.92,13604.48,923222002.0
2023-05-23,13773.68,13827.11,13662.91,13672.54,931688941.0
2023-05-22,13805.34,13893.71,13792.97,13849.74,894768288.0
2023-05-19,13842.69,13874.42,13763.9,13803.49,914726099.0
2023-05-18,13608.95,13844.77,13606.8,13834.62,1004673963.0
2023-05-17,13474.52,13608.33,13419.35,13589.26,900631645.0
2023-05-16,13385.37,13498.44,13384.77,13426.01,829290901.0
2023-05-15,13352.27,13419.81,13297.85,13413.51,751573258.0
2023-05-12,13407.02,13427.41,13256.56,13340.18,809499798.0
2023-05-11,13376.86,13411.7,13306.08,13389.78,926108423.0
2023-05-10,13308.41,13384.42,13204.79,13347.83,1018320044.0
2023-05-09,13228.64,13254.81,13193.88,13201.11,847482939.0
2023-05-08,13247.09,13302.43,13193.08,13291.64,829391352.0
2023-05-05,13070.7,13291.11,13059.91,13259.13,911424902.0
2023-05-04,13014.07,13064.02,12938.45,12982.48,891913272.0
2023-05-03,13123.1,13231.71,13026.04,13030.21,953333250.0
2023-05-02,13225.48,13241.53,13046.79,13113.66,896326600.0
2023-05-01,13229.12,13287.47,13186.4,13231.47,814200760.0
2023-04-28,13139.35,13247.39,13096.94,13245.99,1037375659.0
2023-04-27,12963.21,13175.62,12938.5,13160.03,1167409919.0
2023-04-26,12866.64,12929.62,12783.42,12806.48,1051030219.0
2023-04-25,12905.09,12933.28,12724.24,12725.11,947967507.0
2023-04-24,12981.71,13044.23,12883.77,12969.76,760884265.0
2023-04-21,12970.32,13030.85,12899.64,13000.77,800512567.0
2023-04-20,12962.29,13107.92,12933.8,12985.98,920096870.0
2023-04-19,12992.51,13128.25,12988.2,13088.71,717061255.0
2023-04-18,13180.31,13196.18,13044.21,13091.79,711811387.0
2023-04-17,13053.26,13105.68,12981.26,13087.71,724467693.0
2023-04-14,13044.69,13152.28,12962.51,13079.52,710778861.0
2023-04-13,12922.89,13124.41,12920.02,13109.39,788034390.0
2023-04-12,13043.97,13071.98,12833.31,12848.35,845223320.0
2023-04-11,13040.49,13049.56,12947.66,12964.16,751538835.0
2023-04-10,12936.52,13051.86,12861.52,13051.23,752139734.0
2023-04-06,12892.9,13078.1,12846.03,13062.6,807296899.0
2023-04-05,13056.79,13065.28,12894.44,12967.2,847786024.0
2023-04-04,13165.32,13204.08,13049.98,13100.07,781121163.0
2023-04-03,13084.1,13157.48,13036.55,13148.35,852046790.0
2023-03-31,12968.96,13188.83,12968.0,13181.35,991844725.0
2023-03-30,12934.99,12987.97,12894.14,12963.14,850453497.0
2023-03-29,12768.14,12867.32,12734.68,12846.03,908137813.0
2023-03-28,12654.91,12654.91,12517.87,12610.57,751351647.0
2023-03-27,12797.89,12839.43,12647.95,12673.07,797224686.0
2023-03-24,12700.51,12770.28,12608.16,12767.05,898824649.0
2023-03-23,12735.6,12900.1,12611.67,12729.23,1003231331.0
2023-03-22,12742.41,12943.62,12563.78,12567.15,1034356136.0
2023-03-21,12643.35,12762.45,12582.76,12741.44,1019905936.0
2023-03-20,12487.79,12578.35,12407.82,12562.61,973108965.0
2023-03-17,12570.16,12674.34,12444.08,12519.88,1573321408.0
2023-03-16,12211.87,12595.7,12190.65,12581.39,1206250264.0
2023-03-15,12083.24,12269.45,12026.18,12251.32,1105193891.0
2023-03-14,12078.46,12217.87,12035.22,12199.79,1020505540.0
2023-03-13,11752.1,12073.96,11695.41,11923.17,1115296481.0
2023-03-10,12001.7,12069.63,11789.86,11830.28,1098823469.0
2023-03-09,12230.84,12340.45,11970.34,11995.88,978757456.0
2023-03-08,12181.06,12237.72,12102.28,12215.33,849607193.0
2023-03-07,12303.19,12344.05,12130.01,12152.17,902686738.0
2023-03-06,12344.65,12466.88,12297.57,12302.48,887435825.0
2023-03-03,12110.71,12300.46,12095.24,12290.81,968408184.0
2023-03-02,11830.09,12074.59,11830.09,12044.87,905249209.0
2023-03-01,12026.72,12054.48,11906.58,11938.57,877340820.0
2023-02-28,12041.75,12146.52,12021.32,12042.12,962167425.0
2023-02-27,12106.79,12159.64,12034.61,12057.79,817283268.0
2023-02-24,11979.8,12018.32,11900.84,11969.65,892379892.0
2023-02-23,12224.45,12227.4,12003.3,12180.14,1059370384.0
2023-02-22,12085.68,12156.21,12006.04,12066.27,1002595051.0
2023-02-21,12205.21,12257.06,12058.23,12060.3,1006084705.0
2023-02-17,12352.3,12385.52,12233.79,12358.18,956439896.0
2023-02-16,12495.07,12653.4,12440.0,12442.48,1059059327.0
2023-02-15,12531.6,12689.34,12486.42,12687.89,932639378.0
2023-02-14,12413.1,12627.4,12356.32,12590.89,1010574451.0
2023-02-13,12356.5,12522.78,12313.45,12502.31,930135914.0
2023-02-10,12306.59,12375.72,12204.21,12304.92,1002650747.0
2023-02-09,12677.54,12679.54,12327.44,12381.17,1184961087.0
2023-02-08,12680.03,12709.45,12471.12,12495.38,1121521499.0
2023-02-07,12474.95,12771.59,12419.71,12728.27,1188473478.0
2023-02-06,12468.8,12558.88,12411.88,12464.51,979055927.0
2023-02-03,12520.95,12828.71,12520.95,12573.36,1352261043.0
2023-02-02,12655.18,12880.98,12600.76,12803.14,1616466866.0
2023-02-01,12087.92,12458.87,12010.73,12363.1,1300437943.0
2023-01-31,11915.95,12104.13,11915.95,12101.93,1065350200.0
2023-01-30,12047.16,12087.68,11906.11,11912.39,1099584855.0
2023-01-27,12000.21,12248.15,11999.88,12166.6,1404446461.0
2023-01-26,11972.57,12055.81,11853.38,12051.48,1000311347.0
2023-01-25,11636.01,11841.81,11550.07,11814.69,1005801120.0
2023-01-24,11802.95,11889.37,11780.07,11846.64,901756436.0
2023-01-23,11652.0,11918.86,11617.83,11872.54,1107397221.0
2023-01-20,11363.86,11623.2,11329.54,11619.03,1062633815.0
2023-01-19,11345.19,11388.46,11251.94,11295.67,934926863.0
2023-01-18,11636.61,11690.27,11403.32,11410.29,981232645.0
2023-01-17,11531.55,11615.95,11484.02,11557.19,948429176.0
2023-01-13,11362.13,11547.96,11347.6,11541.48,868180643.0
2023-01-12,11441.46,11500.86,11246.02,11459.61,984434006.0
2023-01-11,11259.16,11403.89,11220.75,11402.52,956493498.0
2023-01-10,11069.05,11207.56,11050.68,11205.78,847813035.0
2023-01-09,11133.07,11304.84,11085.32,11108.45,1011170808.0
2023-01-06,10807.46,11082.59,10696.42,11040.35,1099931241.0
2023-01-05,10837.25,10842.33,10728.26,10741.22,954252419.0
2023-01-04,10949.34,10981.46,10785.54,10914.8,1031913858.0
2023-01-03,11038.43,11093.11,10770.93,10862.64,1041806123.0
2022-12-30,10835.59,10942.9,10778.64,10939.76,752581677.0
2022-12-29,10800.8,10981.06,10776.62,10951.05,832930342.0
2022-12-28,10807.12,10898.64,10671.19,10679.34,818160546.0
2022-12-27,10944.3,10957.44,10807.61,10822.51,819097036.0
2022-12-23,10911.04,11007.09,10830.9,10985.45,719067189.0
2022-12-22,11099.36,11114.23,10784.02,10956.14,1092567267.0
2022-12-21,11110.64,11285.78,11083.36,11235.88,846562716.0
2022-12-20,11023.46,11143.62,10967.07,11072.42,925097788.0
2022-12-19,11243.0,11251.57,11029.77,11084.59,924971757.0
2022-12-16,11313.64,11383.39,11175.54,11243.72,1822804445.0
2022-12-15,11573.38,11591.33,11300.35,11345.22,1084588841.0
2022-12-14,11824.54,11941.28,11617.41,11740.92,1035846131.0
2022-12-13,12141.24,12166.41,11724.91,11834.21,1265379452.0
2022-12-12,11572.26,11707.71,11529.41,11706.44,901757487.0
2022-12-09,11594.38,11707.09,11550.31,11563.33,889641383.0
2022-12-08,11543.68,11672.14,11470.68,11637.5,881245825.0
2022-12-07,11490.99,11577.69,11431.96,11497.39,844384807.0
2022-12-06,11775.21,11790.93,11488.6,11549.69,884603042.0
2022-12-05,11899.54,11957.36,11732.15,11786.8,869846523.0
2022-12-02,11845.53,12027.62,11825.53,11994.26,868191192.0
2022-12-01,12030.24,12115.34,11928.66,12041.89,953526106.0
2022-11-30,11505.74,12031.34,11481.89,12030.06,1482654845.0
2022-11-29,11590.3,11613.33,11450.34,11503.45,776387815.0
2022-11-28,11684.07,11764.83,11555.26,11587.75,832361726.0
2022-11-25,11777.33,11803.91,11748.79,11756.03,390408701.0
2022-11-23,11725.09,11866.42,11722.01,11838.72,754687614.0
2022-11-22,11590.82,11731.76,11503.34,11724.84,797815264.0
2022-11-21,11623.35,11664.94,11524.44,11553.45,839919735.0
2022-11-18,11791.85,11794.68,11579.64,11677.02,909051917.0
2022-11-17,11521.64,11737.61,11519.38,11676.86,943048536.0
2022-11-16,11767.42,11796.99,11673.14,11699.09,925085685.0
2022-11-15,12006.45,12024.95,11735.4,11871.15,1120469141.0
2022-11-14,11728.11,11863.82,11669.1,11700.94,1042436235.0
2022-11-11,11604.36,11840.07,11535.56,11817.01,1213806230.0
2022-11-10,11350.42,11612.2,11235.74,11605.96,1497317418.0
2022-11-09,10971.43,11012.66,10790.35,10797.55,1064026733.0
2022-11-08,11039.58,11191.9,10897.53,11059.5,1061891319.0
2022-11-07,10900.84,11001.16,10817.59,10977.0,1021425647.0
2022-11-04,10911.98,10934.62,10632.39,10857.03,1336781408.0
2022-11-03,10769.43,10852.18,10680.82,10690.6,1202806451.0
2022-11-02,11300.27,11410.91,10903.48,10906.34,1288049957.0
2022-11-01,11571.53,11574.39,11278.29,11288.95,1100586548.0
2022-10-31,11465.21,11482.99,11331.26,11405.57,1109149627.0
2022-10-28,11177.0,11563.16,11177.0,11546.21,1377070957.0
2022-10-27,11387.71,11417.04,11179.9,11191.63,1350012036.0
2022-10-26,11409.79,11657.06,11388.34,11405.9,1255573001.0
2022-10-25,11482.87,11681.85,11480.41,11669.99,1012929782.0
2022-10-24,11321.11,11468.18,11166.49,11430.26,1052524182.0
2022-10-21,10998.17,11327.77,10962.01,11310.33,1058026133.0
2022-10-20,11081.23,11279.81,11001.28,11046.71,922297641.0
2022-10-19,11081.82,11231.46,11008.11,11103.38,842066842.0
2022-10-18,11368.77,11374.38,11035.8,11147.74,985471455.0
2022-10-17,10967.25,11090.87,10959.75,11062.53,994735883.0
2022-10-14,11130.08,11152.89,10677.48,10692.06,1024499407.0
2022-10-13,10481.58,11087.66,10440.64,11033.58,1279448102.0
2022-10-12,10810.3,10886.49,10754.85,10785.62,882501369.0
2022-10-11,10865.32,10981.91,10716.34,10791.35,1067548395.0
2022-10-10,11048.51,11063.21,10824.25,10926.97,919266125.0
2022-10-07,11272.46,11293.65,10991.66,11039.47,1077774229.0
2022-10-06,11556.39,11660.55,11472.83,11485.5,840774886.0
2022-10-05,11429.47,11647.63,11312.52,11573.18,841580884.0
2022-10-04,11477.85,11609.25,11462.37,11582.54,1027208698.0
2022-10-03,11059.16,11296.43,10985.01,11229.73,1009404241.0
2022-09-30,11123.11,11296.16,10966.95,10971.22,1049738787.0
2022-09-29,11334.57,11339.91,11038.95,11164.78,1019856298.0
2022-09-28,11258.74,11546.87,11210.81,11493.83,987737717.0
2022-09-27,11411.34,11502.38,11175.29,11271.75,917337970.0
2022-09-26,11283.14,11473.36,11235.74,11254.11,914181791.0
2022-09-23,11398.75,11402.41,11169.66,11311.24,992108991.0
2022-09-22,11574.32,11617.99,11448.86,11501.65,958252466.0
2022-09-21,11892.72,12062.52,11636.25,11637.79,975569442.0
2022-09-20,11855.84,11951.13,11761.7,11851.54,830096976.0
2022-09-19,11753.6,11956.79,11752.43,11953.27,822822824.0
2022-09-16,11775.94,11875.09,11710.25,11861.38,1580367335.0
2022-09-15,12034.43,12153.34,11867.88,11927.49,995728604.0
2022-09-14,12092.03,12170.25,12016.43,12134.4,946552404.0
2022-09-13,12364.84,12420.01,12004.42,12033.62,1140168187.0
2022-09-12,12649.23,12752.83,12639.76,12739.72,839730425.0
2022-09-09,12424.15,12610.43,12424.15,12588.29,824679651.0
2022-09-08,12139.57,12374.13,12120.26,12321.19,849109088.0
2022-09-07,12038.18,12298.12,12026.98,12259.39,830631193.0
2022-09-06,12106.57,12152.42,11928.8,12011.31,832235143.0
2022-09-02,12392.46,12451.29,12035.53,12098.44,860007049.0
2022-09-01,12158.88,12290.33,12012.98,12274.63,994633134.19336
2022-08-31,12448.07,12502.15,12268.08,12272.03,958751963.17469
2022-08-30,12562.41,12572.88,12240.82,12342.7,829684997.0
2022-08-29,12488.46,12594.34,12440.4,12484.32,771721511.0
2022-08-26,13129.91,13175.25,12603.41,12605.17,936544327.0
2022-08-25,12984.73,13146.84,12951.61,13143.58,727518743.0
2022-08-24,12876.23,12995.14,12843.58,12917.86,628910729.0
2022-08-23,12885.28,13000.71,12852.7,12881.79,641020986.0
2022-08-22,13056.39,13073.07,12859.82,12890.54,745843238.0
2022-08-19,13370.25,13402.61,13210.82,13242.9,739652856.0
2022-08-18,13474.24,13553.28,13405.74,13505.99,680945803.0
2022-08-17,13499.25,13591.58,13389.82,13470.86,696908619.0
2022-08-16,13617.66,13720.91,13508.47,13635.21,666068164.0
2022-08-15,13529.66,13685.65,13524.53,13667.18,622293126.0
2022-08-12,13384.65,13565.87,13341.65,13565.87,704610483.0
2022-08-11,13471.03,13555.38,13271.35,13291.99,717282376.0
2022-08-10,13330.66,13386.85,13220.05,13378.32,843446294.0
2022-08-09,13064.25,13095.7,12945.6,13008.17,785765115.0
2022-08-08,13227.09,13394.54,13103.8,13159.16,806962010.0
2022-08-05,13107.45,13286.02,13070.36,13207.69,748283934.0
2022-08-04,13253.77,13326.72,13170.44,13311.04,853905099.0
2022-08-03,12983.58,13289.19,12974.86,13253.26,1005542305.0
2022-08-02,12853.04,13073.27,12809.01,12901.6,826913048.0
2022-08-01,12877.04,13084.61,12833.16,12940.78,840320603.0
2022-07-29,12784.2,12986.64,12726.25,12947.97,1120906002.0
2022-07-28,12580.62,12741.83,12433.55,12717.87,951820749.0
2022-07-27,12299.34,12660.77,12256.94,12601.47,985768275.0
2022-07-26,12248.21,12259.02,12051.21,12086.9,797617001.0
2022-07-25,12391.21,12415.59,12244.4,12328.41,678499296.0
2022-07-22,12575.76,12662.86,12322.82,12396.47,835073857.0
2022-07-21,12466.13,12620.5,12351.42,12619.41,827037212.0
2022-07-20,12269.07,12488.39,12232.2,12439.68,893182000.0
2022-07-19,12046.69,12258.37,11967.92,12249.42,907458526.0
2022-07-18,12089.68,12156.09,11836.52,11877.5,836176406.0
2022-07-15,11896.15,11987.52,11828.13,11983.62,803963575.0
2022-07-14,11637.18,11801.11,11488.27,11768.4,648335133.0
2022-07-13,11523.91,11819.69,11498.96,11728.53,661444183.0
2022-07-12,11926.84,11990.45,11684.02,11744.99,658105993.0
2022-07-11,12008.76,12026.06,11830.89,11860.28,597727356.0
2022-07-08,11977.95,12179.32,11956.03,12125.69,576260622.0
2022-07-07,11913.73,12137.71,11897.51,12109.05,673048848.0
2022-07-06,11807.08,11941.31,11727.36,11852.59,665948578.0
2022-07-05,11419.34,11781.74,11366.07,11779.9,786613007.0
2022-07-01,11472.63,11592.85,11378.63,11585.68,741305108.0
2022-06-30,11532.32,11650.96,11322.86,11503.72,868856795.0
2022-06-29,11619.01,11710.21,11537.72,11658.26,659422530.0
2022-06-28,12021.34,12133.87,11633.13,11637.77,752650878.0
2022-06-27,12157.93,12175.98,11965.67,12008.24,665896035.0
2022-06-24,11826.95,12112.82,11812.18,12105.85,927131709.0
2022-06-23,11622.09,11729.62,11515.48,11697.68,749718342.0
2022-06-22,11427.74,11708.08,11423.2,11527.71,729050539.0
2022-06-21,11446.98,11638.47,11446.98,11546.76,805135442.0
2022-06-17,11172.65,11357.97,11089.93,11265.99,1253964051.0
2022-06-16,11286.88,11311.05,11037.21,11127.57,935369043.0
2022-06-15,11468.13,11751.3,11346.54,11593.77,851558877.0
2022-06-14,11385.18,11418.22,11205.93,11311.69,761174767.0
2022-06-13,11472.19,11568.64,11254.18,11288.32,984642059.0
2022-06-10,12052.59,12082.7,11825.35,11832.82,826738938.0
2022-06-09,12543.37,12666.41,12265.86,12269.78,695387123.0
2022-06-08,12682.81,12776.65,12578.55,12615.13,683827561.0
2022-06-07,12456.49,12737.3,12413.55,12711.68,676933609.0
2022-06-06,12745.89,12804.46,12534.58,12599.63,752846847.0
2022-06-03,12650.39,12724.81,12505.76,12548.03,707218813.0
2022-06-02,12498.63,12897.63,12447.77,12892.89,763534106.0
2022-06-01,12750.31,12820.47,12457.91,12548.36,692253919.0
2022-05-31,12688.95,12762.84,12482.32,12642.1,1053964826.0
2022-05-27,12421.8,12682.58,12405.29,12681.42,765322088.0
2022-05-26,11906.83,12337.73,11901.88,12276.79,857778965.0
2022-05-25,11732.45,12028.89,11714.27,11943.93,775702939.0
2022-05-24,11807.78,11842.81,11576.11,11769.84,839658702.0
2022-05-23,11867.08,12047.81,11785.76,12034.28,808602375.0
2022-05-20,12037.03,12044.7,11492.29,11835.62,1052587100.0
2022-05-19,11872.56,12066.85,11795.79,11875.63,957847018.0
2022-05-18,12352.92,12389.96,11887.0,11928.31,898802610.0
2022-05-17,12496.63,12572.99,12333.98,12564.1,822733853.0
2022-05-16,12297.07,12395.51,12196.21,12243.58,726145715.0
2022-05-13,12125.93,12429.29,12069.13,12387.4,860053365.0
2022-05-12,11790.13,12128.73,11692.12,11945.5,1061259221.0
2022-05-11,12240.21,12470.89,11939.09,11967.56,955907965.0
2022-05-10,12496.84,12537.89,12173.47,12345.86,967617147.0
2022-05-09,12465.91,12542.32,12136.19,12187.72,1026599184.0
2022-05-06,12776.86,12926.58,12522.77,12693.54,919528625.0
2022-05-05,13344.79,13344.79,12710.59,12850.55,982574200.0
2022-05-04,13110.3,13556.67,12887.53,13535.71,991774894.0
2022-05-03,13045.36,13178.74,12982.7,13089.9,787462752.0
2022-05-02,12864.83,13083.57,12716.63,13075.85,883397118.0
2022-04-29,13274.95,13428.54,12835.48,12854.8,950839386.0
2022-04-28,13254.96,13542.57,13038.17,13456.06,991628719.0
2022-04-27,13009.4,13241.94,12936.41,13003.36,859151871.0
2022-04-26,13447.66,13447.66,13009.66,13009.71,829178887.0
2022-04-25,13275.41,13541.77,13239.73,13533.22,789132234.0
2022-04-22,13714.63,13769.4,13342.79,13356.87,768843628.0
2022-04-21,14174.92,14277.21,13682.68,13720.45,799713552.0
2022-04-20,14246.2,14263.61,13962.86,13998.53,762172644.0
2022-04-19,13882.75,14236.51,13844.74,14210.26,611539669.0
2022-04-18,13859.47,13997.93,13788.96,13910.76,578896136.0
2022-04-14,14225.46,14235.39,13884.82,13893.21,642053482.0
2022-04-13,13939.61,14258.8,13919.48,14217.29,625954993.0
2022-04-12,14175.66,14264.74,13882.75,13940.24,656300481.0
2022-04-11,14149.6,14187.67,13979.14,13990.21,663749126.0
2022-04-08,14450.53,14490.19,14307.68,14327.26,626576683.0
2022-04-07,14469.5,14624.24,14315.69,14531.81,687699694.0
2022-04-06,14600.3,14639.35,14395.4,14498.88,799248792.0
2022-04-05,15109.27,15120.67,14782.57,14820.64,658191088.0
2022-04-04,14903.38,15161.89,14884.57,15159.58,654667074.0
2022-04-01,14886.91,14925.93,14723.83,14861.21,719285660.0
2022-03-31,15074.23,15088.38,14835.16,14838.49,854373699.0
2022-03-30,15177.15,15229.02,15010.34,15071.55,717566708.0
2022-03-29,15142.93,15265.42,15039.61,15239.32,752287976.0
2022-03-28,14763.16,14989.08,14705.92,14987.4,675372862.0
2022-03-25,14766.9,14805.88,14577.59,14754.31,657504482.0
2022-03-24,14529.71,14767.73,14440.67,14765.69,767823120.0
2022-03-23,14525.22,14681.33,14446.04,14447.55,742461851.0
2022-03-22,14396.03,14688.97,14385.55,14654.33,733728237.0
2022-03-21,14377.15,14470.68,14190.53,14376.09,776939531.0
2022-03-18,14061.29,14427.46,14014.43,14420.08,1187571010.0
2022-03-17,13878.99,14125.67,13827.34,14118.6,733628026.0
2022-03-16,13633.12,13960.25,13475.09,13956.79,996791260.0
2022-03-15,13174.97,13488.18,13092.45,13458.56,842660509.0
2022-03-14,13248.09,13386.67,13020.4,13046.64,844799464.0
2022-03-11,13701.8,13714.44,13285.19,13301.83,753078222.0
2022-03-10,13577.84,13633.69,13399.46,13591.0,817064475.0
2022-03-09,13610.48,13793.11,13504.48,13742.2,817951869.0
2022-03-08,13275.23,13663.27,13129.4,13267.61,1018772045.0
2022-03-07,13853.53,13879.1,13314.45,13319.38,967021486.0
2022-03-04,13957.6,13992.98,13738.61,13837.83,817156800.0
2022-03-03,14339.71,14342.56,13965.11,14035.21,750382822.0
2022-03-02,14075.11,14292.72,13962.69,14243.69,771568764.0
2022-03-01,14197.66,14271.58,13906.92,14005.99,802525645.0
2022-02-28,14058.61,14296.6,14009.37,14237.81,866573208.0
2022-02-25,13973.91,14193.0,13850.29,14189.16,809349432.0
2022-02-24,13065.45,13989.1,13065.45,13974.67,1144852236.0
2022-02-23,14016.95,14035.93,13502.58,13509.43,876460299.0
2022-02-22,13892.81,14109.27,13720.92,13870.53,921569908.0
2022-02-18,14207.55,14225.72,13918.76,14009.54,873628318.0
2022-02-17,14485.08,14497.46,14155.43,14171.74,781511425.0
2022-02-16,14514.84,14647.79,14399.29,14603.64,744824845.0
2022-02-15,14482.11,14624.53,14444.46,14620.82,805948699.0
2022-02-14,14233.4,14400.78,14119.73,14268.59,792220757.0
2022-02-11,14739.46,14769.64,14194.54,14253.84,941878996.0
2022-02-10,14770.68,15037.26,14636.62,14705.64,875507284.0
2022-02-09,14930.99,15057.9,14870.36,15056.96,798936026.0
2022-02-08,14533.25,14785.22,14485.78,14747.03,752804778.0
2022-02-07,14716.43,14813.86,14524.63,14571.25,724463163.0
2022-02-04,14566.28,14832.05,14452.28,14694.35,828404222.0
2022-02-03,14693.86,14856.51,14471.2,14501.11,1053854384.0
2022-02-02,15173.04,15196.4,14960.85,15139.74,1069341749.0
2022-02-01,14966.6,15034.42,14749.49,15019.68,814187688.0
2022-01-31,14505.07,14934.52,14442.88,14930.05,915972632.0
2022-01-28,14091.32,14457.78,13880.48,14454.61,971149144.0
2022-01-27,14346.46,14419.45,13972.89,14003.11,1017767801.0
2022-01-26,14492.52,14646.54,14006.4,14172.76,983278596.0
2022-01-25,14237.6,14410.43,14033.81,14149.12,908383601.0
2022-01-24,14160.91,14532.57,13724.85,14509.58,1283525254.0
2022-01-21,14728.66,14868.46,14432.64,14438.4,1061432971.0
2022-01-20,15176.38,15347.62,14832.69,14846.46,775284787.0
2022-01-19,15287.25,15382.0,15038.44,15047.84,732139581.0
2022-01-18,15378.06,15446.3,15182.96,15210.76,850199701.0
2022-01-14,15396.47,15617.18,15396.47,15611.59,688230475.0
2022-01-13,15970.09,15990.38,15468.09,15495.62,704707804.0
2022-01-12,15955.48,16017.39,15815.95,15905.1,617831909.0
2022-01-11,15582.72,15848.56,15496.91,15844.12,678306840.0
2022-01-10,15383.18,15627.92,15165.53,15614.43,840490400.0
2022-01-07,15774.13,15835.0,15526.8,15592.19,661989991.0
2022-01-06,15675.22,15900.6,15608.57,15765.36,704901075.0
2022-01-05,16190.55,16249.23,15763.84,15771.78,778608492.0
2022-01-04,16513.87,16513.87,16151.91,16279.73,766613681.0
2022-01-03,16395.51,16504.14,16306.64,16501.77,660559649.0
2021-12-31,16411.26,16464.62,16317.26,16320.08,424348141.0
2021-12-30,16485.39,16569.62,16415.13,16429.1,432117881.0
2021-12-29,16510.63,16548.92,16396.16,16491.01,456246500.0
2021-12-28,16602.92,16607.19,16458.48,16488.66,478484928.0
2021-12-27,16361.07,16567.64,16361.07,16567.5,500081260.0
2021-12-23,16203.76,16360.75,16188.03,16308.21,531785298.0
2021-12-22,15963.54,16186.25,15947.56,16180.14,575121083.0
2021-12-21,15794.38,15997.61,15617.48,15986.28,701365545.0
2021-12-20,15566.83,15662.61,15508.74,15627.64,676901067.0
2021-12-17,15714.54,15960.25,15664.1,15801.46,1274538107.0
2021-12-16,16335.03,16340.53,15802.64,15863.94,824061543.0
2021-12-15,15908.45,16301.27,15746.94,16289.59,785852789.0
2021-12-14,15877.65,15995.21,15742.8,15914.9,740348371.0
2021-12-13,16317.9,16332.63,16075.54,16082.55,741237857.0
2021-12-10,16278.3,16339.12,16139.0,16331.98,642188568.0
2021-12-09,16337.81,16413.28,16141.39,16149.57,625391874.0
2021-12-08,16313.88,16401.1,16250.39,16394.34,662931842.0
2021-12-07,16139.55,16343.66,16128.44,16325.66,820546814.0
2021-12-06,15744.91,15898.59,15557.78,15846.16,759352554.0
2021-12-03,16039.41,16089.61,15543.3,15712.04,845244082.0
2021-12-02,15791.3,16066.32,15770.92,15990.76,784211354.0
2021-12-01,16347.96,16427.19,15864.0,15877.72,855676686.0
2021-11-30,16333.95,16454.57,16073.77,16135.92,1086210026.0
2021-11-29,16263.43,16437.16,16214.56,16399.24,671373182.0
2021-11-26,16237.41,16302.57,15988.95,16025.58,540036071.0
2021-11-24,16202.26,16370.56,16106.02,16367.81,571722203.0
2021-11-23,16330.18,16417.5,16121.7,16306.72,763520261.0
2021-11-22,16644.77,16764.86,16374.78,16380.98,827552828.0
2021-11-19,16558.56,16625.86,16523.83,16573.34,766252240.0
2021-11-18,16398.76,16501.92,16309.51,16482.97,819555856.0
2021-11-17,16329.07,16398.95,16276.77,16308.07,642372736.0
2021-11-16,16170.29,16329.5,16156.7,16309.77,590653851.0
2021-11-15,16227.01,16256.73,16096.37,16189.12,556180526.0
2021-11-12,16078.13,16218.55,16012.78,16199.88,567984190.0
2021-11-11,16114.05,16116.25,16019.39,16032.47,495715935.0
2021-11-10,16087.02,16224.51,15905.28,15985.57,635571365.0
2021-11-09,16389.99,16401.89,16168.63,16219.94,685167434.0
2021-11-08,16351.49,16401.93,16314.0,16336.03,691747356.0
2021-11-05,16397.59,16454.48,16302.06,16359.38,714972516.0
2021-11-04,16193.22,16387.95,16169.56,16346.24,766803668.0
2021-11-03,16000.6,16157.6,15950.59,16144.5,604822835.0
2021-11-02,15885.34,15988.33,15877.27,15972.49,594961192.0
2021-11-01,15879.61,15910.35,15785.31,15905.28,613117609.0
2021-10-29,15638.74,15856.9,15638.74,15850.47,715386244.0
2021-10-28,15674.39,15784.0,15650.01,15778.16,650118968.0
2021-10-27,15603.16,15729.75,15578.68,15598.39,680037662.0
2021-10-26,15615.36,15710.79,15518.59,15559.49,684084651.0
2021-10-25,15417.25,15555.66,15338.49,15514.19,561029559.0
2021-10-22,15422.07,15474.28,15291.95,15355.07,598015600.0
2021-10-21,15365.81,15497.58,15350.5,15489.59,521612302.0
2021-10-20,15448.0,15457.11,15333.43,15388.71,490366213.0
2021-10-19,15349.45,15414.97,15320.62,15410.72,489471830.0
2021-10-18,15091.58,15307.51,15074.71,15300.89,505588564.0
2021-10-15,15106.97,15150.14,15064.59,15146.92,535672301.0
2021-10-14,14925.58,15059.89,14901.59,15052.42,543136558.0
2021-10-13,14751.8,14800.83,14676.58,14774.6,512797442.0
2021-10-12,14772.29,14784.78,14636.33,14662.11,544846362.0
2021-10-11,14765.69,14907.57,14709.05,14713.73,432082861.0
2021-10-08,14942.36,14948.35,14805.5,14820.75,441497744.0
2021-10-07,14899.07,15010.32,14878.22,14897.13,506823447.0
2021-10-06,14529.89,14775.64,14499.48,14766.75,562544842.0
2021-10-05,14533.43,14763.64,14520.23,14674.15,538067653.0
2021-10-04,14713.6,14727.6,14384.93,14472.12,650755588.0
2021-10-01,14731.38,14830.84,14555.12,14791.87,562675416.0
2021-09-30,14830.3,14888.22,14684.55,14689.62,597620311.0
2021-09-29,14835.51,14914.92,14727.41,14752.89,576976737.0
2021-09-28,15001.98,15040.57,14758.98,14770.3,707927995.0
2021-09-27,15205.23,15240.58,15106.45,15204.83,499881304.0
2021-09-24,15222.96,15345.54,15209.16,15329.68,405785623.0
2021-09-23,15231.2,15356.92,15199.43,15316.58,462081251.0
2021-09-22,15073.96,15230.34,15029.9,15176.51,539917110.0
2021-09-21,15096.98,15139.89,14986.98,15027.77,485193391.0
2021-09-20,15068.65,15157.26,14821.03,15012.19,716245690.0
2021-09-17,15481.43,15485.21,15291.04,15333.47,872824050.0
2021-09-16,15452.67,15539.14,15370.88,15515.91,495018116.0
2021-09-15,15419.95,15518.95,15316.4,15503.53,589496885.0
2021-09-14,15505.79,15525.97,15352.06,15382.9,563779111.0
2021-09-13,15545.66,15562.28,15351.7,15434.5,560052316.0
2021-09-10,15648.05,15673.5,15433.43,15440.75,564158271.0
2021-09-09,15639.44,15675.46,15556.75,15561.05,461096428.0
2021-09-08,15669.01,15669.01,15528.45,15620.85,504507724.0
2021-09-07,15662.3,15701.4,15610.23,15675.76,495804216.0
2021-09-03,15578.96,15668.12,15554.97,15652.86,399936797.0
2021-09-02,15656.28,15681.76,15554.29,15604.25,459277096.0
2021-09-01,15637.13,15696.42,15603.67,15611.57,496689030.0
2021-08-31,15601.34,15604.45,15522.78,15582.51,627251738.0
2021-08-30,15460.93,15620.62,15459.75,15605.09,490082984.0
2021-08-27,15305.75,15447.03,15292.74,15432.95,477677404.0
2021-08-26,15348.98,15369.28,15265.23,15278.52,467348193.0
2021-08-25,15384.83,15404.36,15341.92,15368.92,551834017.0
2021-08-24,15338.92,15384.42,15319.55,15357.68,505066183.0
2021-08-23,15140.14,15341.47,15140.14,15312.82,575269784.0
2021-08-20,14974.06,15103.94,14968.87,15092.57,574863458.0
2021-08-19,14773.19,15000.19,14773.19,14933.94,663533787.0
2021-08-18,14975.02,15039.9,14846.51,14857.92,537388640.0
2021-08-17,15018.94,15062.7,14906.22,15002.83,551407296.0
2021-08-16,15090.05,15142.03,14931.15,15140.77,558321835.0
2021-08-13,15101.84,15150.48,15079.3,15136.68,488081000.0
2021-08-12,15012.6,15097.91,14956.25,15088.98,531408908.0
2021-08-11,15101.82,15127.78,14972.6,15027.76,519779888.0
2021-08-10,15157.37,15169.45,15010.16,15053.58,563059230.0
2021-08-09,15136.14,15154.68,15081.75,15133.11,491516844.0
2021-08-06,15125.74,15162.34,15063.02,15109.36,561827415.0
2021-08-05,15105.4,15184.27,15083.84,15181.64,550100230.0
2021-08-04,15059.16,15117.38,15017.14,15083.39,717673315.0
2021-08-03,14997.2,15063.66,14864.53,15061.42,642687183.0
2021-08-02,15046.11,15059.89,14945.13,14963.62,564975694.0
2021-07-30,14882.39,14990.86,14882.39,14959.9,634497729.0
2021-07-29,15015.3,15091.96,15004.42,15048.36,670108762.0
2021-07-28,15005.17,15078.85,14913.55,15018.1,744279139.0
2021-07-27,15103.01,15107.74,14787.8,14956.97,736171438.0
2021-07-26,15088.29,15142.35,15048.23,15125.95,523699753.0
2021-07-23,15004.43,15125.84,14948.04,15111.79,540856464.0
2021-07-22,14865.46,14941.38,14865.46,14940.17,497211872.0
2021-07-21,14723.67,14843.17,14710.11,14842.63,498855858.0
2021-07-20,14601.34,14790.6,14530.78,14728.21,663404676.0
2021-07-19,14517.96,14578.96,14455.07,14549.09,666063119.0
2021-07-16,14842.08,14875.97,14667.1,14681.38,524902103.0
2021-07-15,14903.5,14907.51,14717.55,14794.69,540369560.0
2021-07-14,14984.86,15001.13,14871.73,14900.44,534402270.0
2021-07-13,14871.04,15002.28,14843.8,14874.54,472919511.0
2021-07-12,14878.71,14899.46,14813.79,14877.89,436251285.0
2021-07-09,14709.32,14838.72,14685.54,14826.09,490857098.0
2021-07-08,14577.67,14763.67,14551.76,14722.14,575178359.0
2021-07-07,14889.76,14891.19,14735.75,14810.54,523973397.0
2021-07-06,14755.16,14797.45,14635.31,14786.36,568296360.0
2021-07-02,14633.51,14738.14,14626.82,14727.63,474370921.0
2021-07-01,14530.63,14576.64,14483.43,14560.05,518982169.0
2021-06-30,14560.07,14582.3,14530.88,14554.8,538710658.0
2021-06-29,14523.63,14575.19,14481.84,14572.75,470953808.0
2021-06-28,14401.63,14530.07,14400.59,14524.98,481112719.0
2021-06-25,14396.63,14401.71,14324.26,14345.18,628404632.0
2021-06-24,14358.3,14429.14,14337.66,14365.96,488964392.0
2021-06-23,14275.09,14324.74,14247.58,14274.24,447612141.0
2021-06-22,14140.3,14288.49,14128.01,14270.42,474794774.0
2021-06-21,14055.04,14150.91,13967.89,14137.23,511109875.0
2021-06-18,14125.12,14140.62,14024.61,14049.58,880273826.0
2021-06-17,13946.7,14205.43,13946.52,14163.81,603897051.0
2021-06-16,14053.12,14100.11,13843.6,13983.01,529860722.0
2021-06-15,14120.81,14126.25,14008.93,14030.41,428596027.0
2021-06-14,14002.14,14129.33,13963.95,14128.2,464890296.0
2021-06-11,13959.47,13998.65,13934.0,13998.3,421447816.0
2021-06-10,13834.26,13962.98,13817.83,13960.35,505288819.0
2021-06-09,13865.51,13900.71,13811.05,13814.94,437460608.0
2021-06-08,13873.46,13913.4,13746.42,13810.86,545967684.0
2021-06-07,13744.16,13808.41,13710.11,13802.89,485123873.0
2021-06-04,13619.79,13784.77,13613.57,13770.77,459727449.0
2021-06-03,13568.91,13608.54,13469.85,13529.68,524684844.0
2021-06-02,13655.71,13712.68,13610.16,13675.79,473369330.0
2021-06-01,13764.27,13773.45,13602.12,13654.59,496555127.0
2021-05-28,13717.0,13765.8,13684.83,13686.51,484059409.0
2021-05-27,13686.86,13724.76,13652.13,13657.85,729135957.0
2021-05-26,13687.71,13726.06,13661.06,13702.74,466243690.0
2021-05-25,13701.3,13734.41,13614.54,13657.73,541841815.0
2021-05-24,13504.39,13687.61,13500.12,13641.75,482236474.0
2021-05-21,13573.22,13573.84,13401.53,13411.74,523464197.0
2021-05-20,13294.59,13526.01,13293.1,13494.09,594253073.0
2021-05-19,12998.53,13243.98,12994.35,13237.91,653122800.0
2021-05-18,13352.26,13400.52,13212.85,13217.68,538426376.0
2021-05-17,13329.86,13350.14,13196.57,13312.91,547990832.0
2021-05-14,13238.99,13430.0,13220.19,13393.12,554035197.0
2021-05-13,13133.73,13226.64,13006.77,13109.15,634270081.0
2021-05-12,13155.07,13236.89,12967.18,13001.63,668411278.0
2021-05-11,13102.64,13381.66,13094.76,13351.27,690031849.0
2021-05-10,13647.73,13648.49,13358.63,13359.08,640152543.0
2021-05-07,13715.56,13814.66,13669.78,13719.63,520110283.0
2021-05-06,13490.94,13617.33,13403.46,13613.73,554667401.0
2021-05-05,13649.12,13676.86,13478.58,13503.37,539828285.0
2021-05-04,13680.63,13705.38,13396.11,13544.67,722460945.0
2021-05-03,13923.04,13955.0,13784.66,13799.72,544130383.0
2021-04-30,13857.79,13969.21,13838.82,13860.76,663174404.0
2021-04-29,14063.94,14073.48,13836.1,13970.21,712048811.0
2021-04-28,13953.61,13992.07,13895.14,13901.62,701434774.0
2021-04-27,14048.13,14048.34,13931.18,13960.28,546630387.0
2021-04-26,13954.94,14039.4,13919.93,14026.16,516333895.0
2021-04-23,13794.49,13989.43,13789.45,13941.44,558324168.0
2021-04-22,13920.88,13954.03,13716.76,13762.36,589670549.0
2021-04-21,13768.92,13939.7,13717.44,13935.15,543502238.0
2021-04-20,13891.96,13934.89,13730.59,13809.3,568717700.0
2021-04-19,13970.83,14025.64,13835.75,13907.67,561151071.0
2021-04-16,14035.96,14050.38,13966.54,14041.91,573586846.0
2021-04-15,13934.87,14040.11,13931.01,14026.19,574800812.0
2021-04-14,13988.87,13990.54,13782.18,13803.91,541343365.0
2021-04-13,13874.58,14002.53,13874.58,13986.49,567497534.0
2021-04-12,13792.74,13839.39,13747.63,13819.35,603198543.0
2021-04-09,13709.67,13849.31,13674.92,13845.05,507244005.0
2021-04-08,13730.73,13763.18,13703.51,13758.5,510086709.0
2021-04-07,13553.9,13648.8,13532.63,13616.7,498382139.0
2021-04-06,13567.21,13660.29,13551.61,13578.46,531893295.0
2021-04-05,13434.04,13623.6,13420.81,13598.16,591912949.0
2021-04-01,13268.88,13333.41,13255.82,13329.51,612168510.0
2021-03-31,12970.33,13167.06,12966.65,13091.44,700296565.0
2021-03-30,12904.02,12929.46,12798.03,12896.53,562656756.0
2021-03-29,12950.51,13013.48,12836.6,12965.74,623700802.0
2021-03-26,12777.27,12992.3,12721.66,12979.12,786420468.0
2021-03-25,12707.58,12845.66,12627.93,12780.51,666183889.0
2021-03-24,13072.82,13077.49,12797.85,12798.88,670529769.0
2021-03-23,13127.17,13180.66,12993.5,13017.79,639080204.0
2021-03-22,12943.14,13167.46,12943.14,13086.51,657826337.0
2021-03-19,12792.67,12906.02,12704.07,12866.99,1130030243.0
2021-03-18,13006.29,13040.36,12781.53,12789.14,677845057.0
2021-03-17,13024.83,13280.29,12950.08,13202.38,655737684.0
2021-03-16,13156.64,13297.48,13091.78,13152.28,645767025.0
2021-03-15,12936.13,13085.01,12885.64,13082.54,582675267.0
2021-03-12,12873.39,12943.58,12778.13,12937.29,574524767.0
2021-03-11,12960.53,13117.86,12920.01,13052.9,659102349.0
2021-03-10,12950.25,12979.38,12726.85,12752.07,673854702.0
2021-03-09,12635.45,12868.52,12592.83,12794.49,797733268.0
2021-03-08,12629.56,12718.58,12287.57,12299.08,826975947.0
2021-03-05,12594.16,12700.96,12208.39,12668.51,935221253.0
2021-03-04,12655.92,12799.08,12314.16,12464.0,967991236.0
2021-03-03,13020.11,13057.29,12679.89,12683.33,699010861.0
2021-03-02,13297.77,13301.63,13052.12,13059.95,583355228.0
2021-03-01,13106.02,13293.78,13051.7,13282.95,634722483.0
2021-02-26,12958.96,13090.36,12764.34,12909.44,844720301.0
2021-02-25,13197.75,13294.56,12773.76,12828.31,807688863.0
2021-02-24,13095.86,13312.43,12971.82,13302.19,665563338.0
2021-02-23,12982.36,13259.85,12758.12,13194.71,800492645.0
2021-02-22,13414.04,13447.37,13220.77,13223.74,653163955.0
2021-02-19,13686.23,13701.69,13545.45,13580.78,595505250.0
2021-02-18,13556.01,13669.94,13477.17,13637.51,547298455.0
2021-02-17,13636.15,13713.14,13552.66,13699.71,531600666.0
2021-02-16,13841.03,13879.77,13726.78,13773.77,542606491.0
2021-02-12,13695.9,13816.25,13656.78,13807.7,453128323.0
2021-02-11,13723.63,13747.2,13637.19,13734.35,516006606.0
2021-02-10,13751.42,13770.91,13531.93,13655.27,575622336.0
2021-02-09,13667.14,13741.79,13664.7,13687.08,523596386.0
2021-02-08,13672.33,13698.41,13607.96,13695.02,558656770.0
2021-02-05,13592.77,13642.96,13527.81,13603.96,554599333.0
2021-02-04,13454.85,13563.13,13406.44,13560.89,626016259.0
2021-02-03,13555.03,13561.45,13400.08,13402.37,568057147.0
2021-02-02,13371.37,13501.23,13363.75,13456.12,580228637.0
2021-02-01,13067.65,13280.22,12983.1,13248.9,606492078.0
2021-01-29,13124.7,13167.87,12845.43,12925.38,857438583.0
2021-01-28,13163.32,13401.85,13150.1,13201.53,814880065.0
2021-01-27,13371.16,13393.52,13034.14,13112.65,1059107473.0
2021-01-26,13507.48,13536.3,13440.32,13490.19,644110577.0
2021-01-25,13515.63,13563.7,13205.59,13483.29,761404835.0
2021-01-22,13356.18,13404.77,13336.9,13366.4,640690335.0
2021-01-21,13356.7,13433.69,13297.79,13404.99,698624580.0
2021-01-20,13155.12,13332.26,13138.3,13296.45,654643560.0
2021-01-19,12921.61,13012.09,12861.3,12996.54,653793813.0
2021-01-15,12898.09,12941.29,12758.1,12803.93,698790020.0
2021-01-14,13010.94,13037.05,12886.16,12898.69,690947489.0
2021-01-13,12911.87,13008.84,12878.02,12973.63,698148271.0
2021-01-12,12916.1,12957.43,12783.71,12892.09,665562612.0
2021-01-11,12961.5,13023.21,12883.59,12902.49,666732263.0
2021-01-08,13037.24,13113.09,12939.73,13105.2,736632216.0
2021-01-07,12745.41,12966.68,12744.82,12939.57,677550046.0
2021-01-06,12601.26,12803.29,12569.42,12623.35,785667074.0
2021-01-05,12663.13,12809.67,12663.13,12802.38,597523280.0
2021-01-04,12950.22,12950.22,12537.42,12694.66,789103000.0
2020-12-31,12852.96,12904.09,12804.75,12888.28,510577252.0
2020-12-30,12900.03,12917.46,12828.79,12845.36,481632220.0
2020-12-29,12909.86,12925.54,12816.59,12843.49,529847954.0
2020-12-28,12813.97,12861.91,12747.05,12838.86,502651496.0
2020-12-24,12668.2,12732.55,12665.8,12711.01,243015935.0
2020-12-23,12733.75,12737.59,12649.61,12653.14,461242468.0
2020-12-22,12715.48,12761.23,12606.42,12717.56,613999922.0
2020-12-21,12575.6,12706.44,12474.03,12690.26,680502593.0
2020-12-18,12786.92,12793.47,12611.22,12738.18,1311645539.0
2020-12-17,12741.64,12760.97,12685.98,12752.06,584811020.0
2020-12-16,12607.87,12698.11,12568.71,12668.16,610871352.0
2020-12-15,12565.29,12596.84,12467.57,12595.92,666420024.0
2020-12-14,12427.86,12544.31,12426.25,12462.21,631409750.0
2020-12-11,12327.07,12378.61,12236.8,12375.41,570281405.0
2020-12-10,12268.47,12447.85,12226.13,12401.74,604132807.0
2020-12-09,12626.97,12643.24,12311.3,12364.64,715506009.0
2020-12-08,12574.84,12651.35,12504.96,12635.72,571323504.0
2020-12-07,12523.57,12610.0,12523.12,12596.47,582158955.0
2020-12-04,12479.91,12531.21,12450.51,12528.48,578205672.0
2020-12-03,12469.16,12538.92,12445.36,12467.13,634570593.0
2020-12-02,12390.58,12472.25,12318.27,12456.41,611314857.0
2020-12-01,12387.62,12510.02,12338.36,12455.33,745618922.0
2020-11-30,12278.78,12299.61,12090.93,12268.32,922838434.0
2020-11-27,12220.37,12306.71,12214.45,12258.21,328329066.0
2020-11-25,12112.11,12174.99,12081.51,12152.21,551313554.0
2020-11-24,11952.7,12094.16,11878.31,12079.81,708866297.0
2020-11-23,11959.89,12001.83,11817.53,11905.94,671483425.0
2020-11-20,11976.0,12017.42,11903.57,11906.44,568764110.0
2020-11-19,11863.12,12000.29,11842.67,11985.43,604433065.0
2020-11-18,11963.36,12027.15,11892.54,11894.71,637479548.0
2020-11-17,12030.27,12047.13,11964.2,11977.49,586323037.0
2020-11-16,11925.36,12035.5,11891.85,12013.38,657648012.0
2020-11-13,11910.62,11957.09,11808.95,11937.84,552169461.0
2020-11-12,11924.15,11976.89,11786.09,11827.14,610286779.0
2020-11-11,11734.82,11904.13,11714.32,11892.93,629880177.0
2020-11-10,11704.46,11761.95,11512.46,11624.29,870863183.0
2020-11-09,12194.71,12268.66,11818.25,11830.39,1024669479.0
2020-11-06,12044.29,12116.91,11895.5,12091.35,603471188.0
2020-11-05,12021.77,12117.04,11977.07,12078.07,715274355.0
2020-11-04,11627.76,11846.46,11564.91,11777.02,841018407.0
2020-11-03,11155.84,11356.08,11115.55,11279.91,649375425.0
2020-11-02,11152.48,11222.52,10957.11,11084.76,658436582.0
2020-10-30,11265.7,11293.76,10960.02,11052.95,854429708.0
2020-10-29,11214.32,11467.38,11187.07,11350.74,735818358.0
2020-10-28,11400.48,11426.1,11136.1,11142.76,796009990.0
2020-10-27,11560.86,11633.5,11503.1,11598.95,716418946.0
2020-10-26,11584.17,11708.08,11360.73,11504.52,678408343.0
2020-10-23,11680.72,11693.01,11569.09,11692.57,601897365.0
2020-10-22,11712.64,11739.22,11529.73,11662.91,612586948.0
2020-10-21,11686.19,11789.46,11646.48,11665.37,565444380.0
2020-10-20,11679.08,11801.39,11613.76,11677.84,574388825.0
2020-10-19,11913.01,11962.46,11606.48,11634.35,644056399.0
2020-10-16,11952.12,12034.13,11824.14,11852.17,607570407.0
2020-10-15,11767.27,11928.63,11765.49,11898.57,592411493.0
2020-10-14,12105.1,12159.21,11913.57,11985.36,644932553.0
2020-10-13,12131.07,12187.78,12032.75,12083.17,777495042.0
2020-10-12,11900.12,12204.75,11880.23,12088.11,825553477.0
2020-10-09,11615.57,11727.6,11600.86,11725.85,647066020.0
2020-10-08,11576.44,11582.78,11510.24,11550.94,554608436.0
2020-10-07,11412.65,11519.55,11382.48,11503.19,591739049.0
2020-10-06,11476.68,11536.42,11256.27,11291.27,709749504.0
2020-10-05,11345.24,11512.06,11336.07,11509.06,574099060.0
2020-10-02,11328.85,11479.08,11225.17,11255.69,723098477.0
2020-10-01,11554.96,11606.73,11488.6,11583.2,662445225.0
2020-09-30,11328.55,11535.02,11328.55,11418.06,793380253.0
2020-09-29,11354.7,11396.21,11305.79,11322.95,609966031.0
2020-09-28,11332.32,11369.39,11243.24,11364.45,693749159.0
2020-09-25,10910.5,11177.73,10851.68,11151.13,699316733.0
2020-09-24,10746.35,11026.43,10728.41,10896.47,770958880.0
2020-09-23,11167.22,11179.59,10806.05,10833.33,764717067.0
2020-09-22,11082.09,11207.08,10943.27,11186.37,770056763.0
2020-09-21,10768.01,10984.76,10677.85,10980.22,909233156.0
2020-09-18,11147.8,11153.97,10769.4,10936.98,1210615619.0
2020-09-17,10965.74,11160.04,10936.8,11080.95,847435560.0
2020-09-16,11467.9,11486.09,11242.96,11247.6,766319154.0
2020-09-15,11432.94,11495.4,11367.2,11438.87,785670245.0
2020-09-14,11250.8,11363.25,11192.82,11277.76,731218080.0
2020-09-11,11251.19,11280.41,10945.22,11087.4,746998540.0
2020-09-10,11501.43,11566.34,11095.94,11154.12,807037946.0
2020-09-09,11308.25,11480.37,11197.13,11395.85,838857704.0
2020-09-08,11143.91,11400.46,11055.16,11068.26,1013260574.0
2020-09-04,11686.24,11846.18,11145.99,11622.13,1166633139.0
2020-09-03,12195.75,12235.0,11662.11,11771.37,1128720493.0
2020-09-02,12417.45,12439.48,12176.18,12420.54,916761806.0
2020-09-01,12203.36,12300.44,12132.78,12292.86,784905590.0
2020-08-31,12017.46,12167.46,12000.11,12110.7,937791105.0
2020-08-28,11992.68,12018.14,11928.69,11995.85,531693863.0
2020-08-27,11997.89,12047.99,11842.84,11926.16,608689176.0
2020-08-26,11779.35,11979.65,11768.0,11971.94,613794271.0
2020-08-25,11610.58,11723.95,11580.89,11721.81,552487018.0
2020-08-24,11703.34,11728.09,11535.55,11626.17,582545520.0
2020-08-21,11476.85,11574.79,11461.53,11555.16,601425446.0
2020-08-20,11277.05,11497.18,11268.46,11477.05,539696521.0
2020-08-19,11397.23,11440.21,11303.39,11318.64,554155621.0
2020-08-18,11339.76,11421.1,11279.08,11399.03,451082711.0
2020-08-17,11231.97,11306.47,11228.14,11288.57,488012302.0
2020-08-14,11187.82,11213.27,11106.93,11164.45,474432224.0
2020-08-13,11174.63,11271.22,11139.64,11178.37,613959959.0
2020-08-12,10972.07,11190.25,10970.87,11157.72,589346243.0
2020-08-11,11039.68,11090.92,10855.06,10876.08,665892290.0
2020-08-10,11153.51,11159.38,10941.87,11085.17,616752650.0
2020-08-07,11235.24,11276.3,11044.6,11139.39,625109395.0
2020-08-06,11116.49,11282.24,11090.5,11267.08,603177522.0
2020-08-05,11107.24,11141.69,11077.7,11125.44,529986837.0
2020-08-04,11048.5,11097.86,11002.55,11096.54,667769148.0
2020-08-03,11018.02,11085.5,10997.68,11055.08,633606134.0
2020-07-31,10886.36,10908.34,10707.39,10905.88,787828891.0
2020-07-30,10578.63,10737.03,10531.79,10715.51,648318504.0
2020-07-29,10602.4,10694.88,10587.2,10662.98,627210896.0
2020-07-28,10644.34,10662.19,10527.43,10532.5,580154228.0
2020-07-27,10547.11,10689.55,10527.64,10674.38,654022928.0
2020-07-24,10389.53,10543.42,10313.94,10483.13,887277025.0
2020-07-23,10853.16,10885.38,10531.21,10580.59,770152893.0
2020-07-22,10850.92,10910.24,10776.24,10870.75,606201172.0
2020-07-21,11015.54,11017.43,10800.87,10833.07,555484512.0
2020-07-20,10672.96,10971.52,10621.9,10952.08,501101885.0
2020-07-17,10651.59,10680.7,10558.78,10645.22,496638009.0
2020-07-16,10589.86,10658.89,10495.09,10626.46,506178628.0
2020-07-15,10752.11,10780.41,10570.96,10701.68,622997165.0
2020-07-14,10502.85,10701.88,10370.79,10689.52,659413534.0
2020-07-13,10951.54,11069.26,10574.55,10602.21,720555632.0
2020-07-10,10751.77,10842.78,10639.48,10836.33,583767471.0
2020-07-09,10745.87,10785.96,10574.97,10754.59,642230977.0
2020-07-08,10594.41,10669.13,10528.82,10666.7,525667217.0
2020-07-07,10595.95,10704.93,10516.63,10524.01,530016542.0
2020-07-06,10487.695,10625.094,10485.816,10604.06,565309349.0
2020-07-02,10386.379,10432.547,10328.777,10341.89,535942368.0
2020-07-01,10160.41,10321.77,10142.75,10279.25,609152292.0
2020-06-30,9970.207,10185.355,9956.832,10156.85,674371333.0
2020-06-29,9850.547,9965.082,9742.895,9961.163,600407210.0
2020-06-26,10087.08,10093.979,9837.741,9849.356,1041152637.0
2020-06-25,10003.499,10110.291,9901.214,10101.83,616018545.0
2020-06-24,10183.77,10232.43,9943.246,10002.7,721036282.0
2020-06-23,10192.422,10306.898,10172.066,10209.82,625462938.0
2020-06-22,10009.004,10134.637,9989.488,10130.33,567900066.0
2020-06-19,10104.63,10121.669,9937.814,10008.64,1044615131.0
2020-06-18,9972.352,10018.563,9942.106,10012.05,548918628.0
2020-06-17,9998.859,10058.65,9952.504,9982.479,551189923.0
2020-06-16,9983.648,10010.891,9801.449,9949.366,670730714.0
2020-06-15,9517.141,9809.41,9489.582,9776.891,664593691.0
2020-06-12,9785.582,9849.007,9499.095,9663.774,764318917.0
2020-06-11,9907.563,9978.195,9586.25,9588.479,877844776.0
2020-06-10,10037.98,10155.2,10022.44,10094.26,716972782.0
2020-06-09,9861.184,10006.902,9859.0,9967.174,634383930.0
2020-06-08,9805.688,9904.516,9753.875,9901.521,646993069.0
2020-06-05,9673.094,9846.629,9659.45,9824.391,829499554.0
2020-06-04,9672.172,9741.973,9577.707,9629.664,735001112.0
2020-06-03,9689.723,9729.688,9648.934,9704.688,674568494.0
2020-06-02,9603.184,9660.082,9511.883,9657.307,619337760.0
2020-06-01,9526.43,9609.379,9515.344,9598.888,542813516.0
2020-05-29,9440.637,9573.555,9379.93,9555.524,919352524.0
2020-05-28,9404.828,9568.891,9391.844,9416.713,685691210.0
2020-05-27,9366.629,9445.059,9182.445,9442.046,848159329.0
2020-05-26,9570.527,9570.527,9379.898,9389.977,746455959.0
2020-05-22,9363.676,9421.934,9325.071,9413.988,527978777.0
2020-05-21,9487.633,9515.054,9361.83,9377.992,649637852.0
2020-05-20,9415.254,9498.277,9412.836,9485.02,707132889.0
2020-05-19,9326.285,9422.898,9296.246,9298.545,709151025.0
2020-05-18,9281.355,9367.543,9248.785,9331.926,760933644.0
2020-05-15,8976.285,9157.465,8958.078,9152.639,817358234.0
2020-05-14,8946.447,9097.754,8860.772,9094.426,680186207.0
2020-05-13,9123.688,9209.488,8890.156,9000.077,731743103.0
2020-05-12,9326.063,9354.445,9109.09,9112.447,743977586.0
2020-05-11,9155.211,9346.27,9155.211,9298.923,672187931.0
2020-05-08,9165.7,9224.49,9126.967,9220.354,651265517.0
2020-05-07,9104.667,9136.183,9045.229,9101.876,648632759.0
2020-05-06,8997.023,9065.578,8950.895,8984.858,624143103.0
2020-05-05,8922.391,9031.0,8900.574,8930.618,674717241.0
2020-05-04,8683.941,8840.328,8665.402,8834.111,590025862.0
2020-05-01,8791.876,8887.58,8688.576,8718.18,641813793.0
2020-04-30,9005.236,9023.032,8920.423,9000.509,744203448.0
2020-04-29,8871.039,9025.824,8831.996,8982.762,754920690.0
2020-04-28,8913.277,8918.375,8668.672,8677.6,639231034.0
2020-04-27,8865.578,8887.625,8803.887,8837.657,634217241.0
2020-04-24,8666.571,8791.355,8599.989,8786.604,633305172.0
2020-04-23,8693.731,8796.486,8624.634,8641.497,643917241.0
2020-04-22,8575.574,8708.477,8550.613,8664.635,521562069.0
2020-04-21,8639.742,8663.094,8359.84,8403.003,647636207.0
2020-04-20,8742.539,8855.18,8725.324,8726.513,654646552.0
2020-04-17,8876.662,8879.24,8704.383,8832.414,747417241.0
2020-04-16,8689.091,8793.351,8605.507,8757.832,688943103.0
2020-04-15,8548.473,8666.242,8500.559,8591.958,574784483.0
2020-04-14,8489.266,8708.547,8470.742,8692.155,643589655.0
2020-04-13,8209.684,8338.152,8158.582,8332.738,542562069.0
2020-04-09,8284.313,8334.231,8167.933,8238.529,710977586.0
2020-04-08,8134.297,8254.414,8058.406,8229.542,598401724.0
2020-04-07,8287.477,8305.59,8043.074,8049.307,701622414.0
2020-04-06,7819.059,8110.66,7763.09,8081.663,663637931.0
2020-04-03,7631.57,7673.488,7439.781,7528.114,565362069.0
2020-04-02,7445.88,7641.865,7432.278,7635.658,622101724.0
2020-04-01,7582.781,7701.676,7423.969,7486.287,635432759.0
2020-03-31,7855.738,8011.598,7765.453,7813.499,699948276.0
2020-03-30,7678.832,7902.086,7651.43,7889.006,663258621.0
2020-03-27,7657.441,7817.742,7580.219,7588.373,685691379.0
2020-03-26,7549.836,7913.109,7549.836,7897.128,689629310.0
2020-03-25,7543.961,7777.613,7390.414,7469.615,804558621.0
2020-03-24,7348.996,7555.91,7304.391,7553.825,761617241.0
2020-03-23,6952.715,7145.289,6771.914,7006.917,746656897.0
2020-03-20,7391.215,7487.833,6969.766,6994.291,903437931.0
2020-03-19,7190.207,7514.137,7037.473,7288.523,821063793.0
2020-03-18,7023.863,7336.879,6837.531,7175.176,843244828.0
2020-03-17,7198.527,7550.133,6959.152,7473.95,844827586.0
2020-03-16,7502.262,7563.445,6993.605,7020.377,792131034.0
2020-03-13,7683.043,7998.509,7301.876,7995.263,807912069.0
2020-03-12,7452.758,7808.313,7255.613,7263.653,873539655.0
2020-03-11,8166.266,8224.73,7900.988,8006.119,736877586.0
2020-03-10,8213.965,8376.438,7942.133,8372.266,764125862.0
2020-03-09,7912.145,8241.77,7912.145,7948.027,781094828.0
2020-03-06,8395.948,8571.881,8319.904,8530.337,737905172.0
2020-03-05,8713.191,8864.191,8613.906,8671.658,646222414.0
2020-03-04,8745.637,8952.109,8669.762,8949.28,621184483.0
2020-03-03,8892.679,9000.457,8516.584,8594.491,747706897.0
2020-03-02,8569.906,8879.391,8446.496,8877.978,729786207.0
2020-02-28,8133.848,8490.468,8133.848,8461.835,913994828.0
2020-02-27,8632.543,8786.684,8430.535,8436.666,778736207.0
2020-02-26,8883.012,9032.875,8813.926,8873.757,615143103.0
2020-02-25,9167.328,9183.781,8807.105,8834.865,617827586.0
2020-02-24,9055.3,9194.91,9028.88,9079.63,547758621.0
2020-02-21,9582.543,9594.0,9406.379,9446.688,472932759.0
2020-02-20,9696.66,9714.23,9513.23,9627.83,471656897.0
2020-02-19,9683.938,9736.574,9676.07,9718.727,424574138.0
2020-02-18,9567.28,9647.72,9567.28,9629.8,391975862.0
2020-02-14,9613.883,9634.75,9583.082,9623.58,383144828.0
2020-02-13,9540.67,9636.41,9532.74,9595.7,386081034.0
2020-02-12,9569.824,9615.906,9552.031,9613.201,406034483.0
2020-02-11,9567.82,9600.05,9493.63,9517.86,417874138.0
2020-02-10,9373.2,9517.74,9373.2,9516.84,375743103.0
2020-02-07,9397.77,9453.24,9376.91,9401.1,385977586.0
2020-02-06,9395.688,9448.723,9357.863,9445.916,390913793.0
2020-02-05,9441.344,9442.754,9311.883,9367.481,424563793.0
2020-02-04,9256.938,9352.965,9224.859,9334.056,421624138.0
2020-02-03,9033.52,9148.5,9031.07,9126.23,417329310.0
2020-01-31,9169.91,9170.215,8961.59,8991.512,463075862.0
2020-01-30,9038.922,9140.695,9019.719,9136.087,402327586.0
2020-01-29,9141.52,9153.078,9067.289,9101.613,383358621.0
2020-01-28,9013.23,9111.32,8994.29,9090.93,372039655.0
2020-01-27,8913.16,9001.44,8910.97,8952.18,445401724.0
2020-01-24,9266.35,9272.38,9101.44,9141.47,450294828.0
2020-01-23,9186.137,9221.125,9145.234,9216.984,424146552.0
2020-01-22,9212.352,9242.48,9179.266,9188.575,422308621.0
2020-01-21,9145.64,9187.42,9141.79,9166.63,462851724.0
2020-01-17,9159.48,9176.47,9118.98,9173.73,434943103.0
2020-01-16,9088.09,9126.07,9066.31,9125.0,396793103.0
2020-01-15,9039.31,9078.87,9008.95,9035.67,419939655.0
2020-01-14,9068.02,9080.16,9020.92,9033.42,438305172.0
2020-01-13,9007.94,9071.53,8991.36,9070.65,436253448.0
2020-01-10,9021.88,9024.87,8951.83,8966.64,410170690.0
2020-01-09,8990.04,9004.56,8938.53,8989.63,437017241.0
2020-01-08,8845.45,8953.55,8834.94,8912.37,424843103.0
2020-01-07,8857.14,8872.47,8821.68,8846.45,405663793.0
2020-01-06,8713.89,8849.98,8713.89,8848.52,480710345.0
2020-01-03,8755.17,8843.65,8755.17,8793.9,442655172.0
2020-01-02,8802.22,8873.63,8786.9,8872.22,491098276.0
2019-12-31,8681.336,8735.434,8674.383,8733.073,376344828.0
2019-12-30,8766.4,8768.3,8671.93,8709.73,352141379.0
2019-12-27,8805.86,8811.1,8749.86,8770.98,315896552.0
2019-12-26,8717.95,8778.34,8716.03,8778.31,281882759.0
2019-12-24,8705.31,8708.23,8684.12,8699.51,174917241.0
2019-12-23,8703.06,8710.9,8690.15,8696.01,349215517.0
2019-12-20,8666.57,8687.66,8656.48,8678.49,659562069.0
2019-12-19,8592.68,8642.74,8592.68,8641.29,416543103.0
2019-12-18,8587.2,8608.1,8578.56,8580.62,470322414.0
2019-12-17,8586.34,8592.45,8564.15,8575.7,409331034.0
2019-12-16,8544.27,8584.78,8542.42,8570.33,404532759.0
2019-12-13,8461.42,8517.52,8441.89,8487.71,377020690.0
2019-12-12,8391.91,8493.11,8380.09,8466.9,411770690.0
2019-12-11,8371.65,8408.08,8361.37,8402.61,334112069.0
2019-12-10,8364.55,8392.89,8339.37,8354.29,354032759.0
2019-12-09,8388.75,8425.77,8359.87,8362.74,360089655.0
2019-12-06,8370.23,8405.85,8365.25,8397.37,354056897.0
2019-12-05,8321.19,8321.19,8272.83,8308.4,366100000.0
2019-12-04,8291.86,8316.46,8285.88,8296.53,370806897.0
2019-12-03,8201.63,8258.41,8167.36,8254.74,398034483.0
2019-12-02,8409.87,8409.87,8274.61,8309.26,383782759.0
2019-11-29,8422.02,8435.961,8402.133,8403.685,189498276.0
2019-11-27,8407.23,8445.61,8399.63,8444.71,300789655.0
2019-11-26,8374.26,8398.04,8364.12,8385.75,419753448.0
2019-11-25,8309.55,8372.82,8309.55,8371.93,388977586.0
2019-11-22,8287.25,8292.11,8229.49,8272.05,323636207.0
2019-11-21,8273.95,8282.33,8242.22,8265.62,354522414.0
2019-11-20,8315.55,8339.27,8226.25,8283.75,447591379.0
2019-11-19,8357.43,8357.8,8308.28,8338.74,357758621.0
2019-11-18,8303.22,8340.41,8274.68,8328.48,352972414.0
2019-11-15,8303.84,8315.9,8284.21,8315.52,377277586.0
2019-11-14,8238.85,8264.94,8212.59,8257.83,363198276.0
2019-11-13,8235.68,8274.61,8233.38,8259.81,374710345.0
2019-11-12,8249.62,8293.18,8238.33,8263.79,342727586.0
2019-11-11,8212.38,8245.89,8202.36,8241.91,295770690.0
2019-11-08,8208.37,8256.29,8186.31,8255.89,340377586.0
2019-11-07,8237.68,8271.82,8198.91,8219.65,412750000.0
2019-11-06,8204.34,8204.34,8157.36,8196.03,402181034.0
2019-11-05,8225.35,8229.09,8191.05,8210.18,399432759.0
2019-11-04,8218.93,8228.32,8197.32,8210.66,370674138.0
2019-11-01,8121.95,8161.98,8111.73,8161.17,354708621.0
2019-10-31,8100.617,8110.438,8041.656,8083.833,389356897.0
2019-10-30,8056.9,8096.32,8017.92,8083.11,332486207.0
2019-10-29,8101.55,8108.61,8045.65,8047.51,316298276.0
2019-10-28,8071.4,8119.73,8070.9,8110.67,337289655.0
2019-10-25,7926.6,8033.29,7926.6,8029.22,326679310.0
2019-10-24,7956.23,7969.66,7912.72,7966.72,324567241.0
2019-10-23,7858.48,7890.21,7845.09,7889.47,311212069.0
2019-10-22,7968.25,7977.01,7871.98,7874.62,318482759.0
2019-10-21,7911.58,7941.48,7887.74,7940.33,302217241.0
2019-10-18,7938.3,7946.81,7829.75,7868.49,347056897.0
2019-10-17,7976.65,7981.14,7914.94,7942.14,320960345.0
2019-10-16,7911.99,7941.77,7898.32,7920.21,325296552.0
2019-10-15,7867.97,7960.14,7863.65,7942.85,316663793.0
2019-10-14,7834.75,7865.67,7827.16,7842.33,244781034.0
2019-10-11,7835.93,7904.05,7831.11,7843.88,375186207.0
2019-10-10,7688.42,7772.68,7682.61,7740.36,306679310.0
2019-10-09,7678.66,7717.94,7655.48,7690.53,267913793.0
2019-10-08,7671.38,7707.18,7603.76,7604.27,333375862.0
2019-10-07,7725.68,7784.79,7712.68,7725.13,299905172.0
2019-10-04,7677.32,7759.36,7670.91,7754.1,299463793.0
2019-10-03,7557.19,7640.43,7463.57,7638.4,369222414.0
2019-10-02,7627.59,7631.34,7513.69,7550.79,430200000.0
2019-10-01,7782.82,7821.73,7675.42,7684.14,386836207.0
2019-09-30,7705.969,7761.84,7693.492,7749.449,311348276.0
2019-09-27,7786.03,7790.81,7626.82,7681.58,351331034.0
2019-09-26,7794.28,7798.12,7718.69,7771.99,316000000.0
2019-09-25,7706.5,7822.43,7647.63,7803.54,347460345.0
2019-09-24,7855.97,7873.25,7684.8,7710.04,397000000.0
2019-09-23,7815.23,7842.98,7790.29,7818.61,306924138.0
2019-09-20,7901.46,7920.53,7794.27,7823.55,579203448.0
2019-09-19,7904.4,7950.21,7888.31,7901.79,309086207.0
2019-09-18,7877.58,7891.17,7791.58,7888.56,350841379.0
2019-09-17,7849.88,7891.21,7840.99,7888.79,319024138.0
2019-09-16,7833.73,7868.73,7831.76,7852.41,322279310.0
2019-09-13,7903.73,7923.41,7879.59,7892.96,340822414.0
2019-09-12,7931.97,7975.33,7907.33,7917.34,372286207.0
2019-09-11,7820.71,7888.34,7812.07,7887.58,398351724.0
2019-09-10,7793.27,7817.58,7743.61,7814.74,407389655.0
2019-09-09,7876.4,7877.41,7795.86,7832.4,374524138.0
2019-09-06,7868.88,7874.99,7835.89,7852.54,323513793.0
2019-09-05,7803.45,7879.97,7803.45,7862.54,361431034.0
2019-09-04,7683.78,7724.91,7663.64,7719.25,326086207.0
2019-09-03,7634.03,7670.18,7584.82,7609.51,333829310.0
2019-08-30,7743.23,7747.07,7642.9,7691.0,287213793.0
2019-08-29,7678.69,7723.94,7654.31,7702.31,293248276.0
2019-08-28,7536.7,7598.15,7500.22,7587.9,285677586.0
2019-08-27,7630.46,7640.68,7531.97,7566.03,329746552.0
2019-08-26,7540.69,7577.77,7506.18,7575.02,291182759.0
2019-08-23,7658.48,7722.43,7442.93,7465.0,380529310.0
2019-08-22,7750.98,7764.79,7649.28,7707.43,306487931.0
2019-08-21,7731.75,7754.66,7706.57,7733.22,295925862.0
2019-08-20,7708.31,7731.31,7664.21,7664.47,301306897.0
2019-08-19,7715.41,7740.74,7688.09,7719.32,333617241.0
2019-08-16,7548.9,7622.73,7548.9,7604.11,343987931.0
2019-08-15,7503.15,7523.5,7429.36,7484.89,376308621.0
2019-08-14,7594.65,7621.7,7480.58,7490.13,434977586.0
2019-08-13,7561.68,7778.34,7553.33,7728.15,404651724.0
2019-08-12,7596.06,7623.39,7528.97,7561.68,354544828.0
2019-08-09,7684.56,7709.5,7591.14,7646.27,381781034.0
2019-08-08,7608.03,7726.46,7576.82,7724.83,416494828.0
2019-08-07,7436.15,7569.9,7386.39,7551.9,422970690.0
